metric,value
threshold,0.5
true_positives,2565.0
true_negatives,78579.0
false_positives,60.0
false_negatives,146.0
precision,0.9771428571428571
recall,0.9461453338251568
f1_score,0.9613943028485757
accuracy,0.9974677320221266
total_samples,81350.0
