encoding_size,encode_seconds
10,0.7266638278961182
100,3.7055511474609375
1000,36.96364974975586
10000,369.06334018707275
50000,1882.6977529525757
