metric,value
threshold,0.5
true_positives,2685.0
true_negatives,72697.0
false_positives,5942.0
false_negatives,26.0
precision,0.31123217804567055
recall,0.9904094430099595
f1_score,0.47362850590933137
accuracy,0.9266379840196681
total_samples,81350.0
