metric,value
threshold,0.5
true_positives,2688.0
true_negatives,70812.0
false_positives,7827.0
false_negatives,23.0
precision,0.25563480741797434
recall,0.9915160457395795
f1_score,0.4064721004082867
accuracy,0.9035033804548248
total_samples,81350.0
